"Realmente Amor", "Richard Curtis", "Romance occidental", 2003, 3
"Das Boot", "Wolfgang Petersen", "Pelis de Guerra", 1981, 4
"Mi vecino Totoro", "Hayao Miyazaki", "Anime", 1988, 4
"Rápidos y furiosos", "Rob Cohen", "Acción", 2001, 4
"Bowling for Columbine", "Michael Moore", "Históricos", 2012,4
"El castillo vagabundo", "Hayao Miyazaki", "Anime", 2004, 5
"chupalo", "pipe", "drama", 2005, 2
"Realmente Amor", "Richard Curtis", "drama", 12512512, 512
"Realmente Amor", "Richard Curt", "drama", 12512512, 512
"Realmente Amor", "Richard Curtis", "drama", 12512512, 512
"Realmente Amor", "Richard Cu", "drama", 12512512, 512
"Realmente Amor", "Richard Curtis", "drama", 12512512, 512
"123123", "1312", "Drama", 2132, 2
"asd", "asd", "drama", 1895, 1
"dsadas", "f}}", "romance occidental", 2000, 2
"d", "d", "romance occidental", 2000, 2
"dasdas", "sadas", "drama", 2000, 2
"sdasdas", "dasdas", "drama", 2100, 2
"sdasdas", "asdasda", "drama", 2100, 2
"klsjioadjsio", "iosadaisadijos", "drama", 2800, 3
"sadas", "asdas", "drama", 2800, 5
"ss", "s", "drama", 5000, 4